Product,Amount
Blue Gatorade,10
Red Gatorade,10
Yellow Gatorade,10
Muscle Milk Chocolate,10
Muscle Milk Vinilla,10
Super Shake Chocolate,10
Aquafina,10
Rockstar,10
Redbull,10
Quest Double Chocolate Cookie,10
Quest Chocolate Chip Cookie,10
Quest Peanut Butter Cookie,10
Gatorade Protein Bar Chocolate Chip,10
Gatorade Protein Bar Peanut Butter,10
Gatorade Protein Bar Caramel,10
Quest Loaded Taco Chips,10
Quest Chili Lime Chips,10
Quest Ranch Chips,10
Small Combination Lock,10
Master Combination Lock,10
Hand Wraps,10
Travel Size Shampoo,10
Travel Size Conditioner,10
Racquetball Goggles,10
Swim Goggles,10
Gatorade Bottle,10
Gatorade Towel,10



